data_referencia,2026-08-15,2027-05-15,2028-08-15,2029-05-15,2030-08-15,2031-05-15,2032-08-15,2033-05-15,2035-05-15,2037-05-15,2040-08-15,2045-05-15,2050-08-15,2055-05-15,2060-08-15
2025-11-28,10.0588,8.5704,8.0623,7.84,7.6769,,7.5348,7.503,7.3118,,7.11,7.08,7.0209,7.03,7.01
2025-12-01,10.09,8.626,8.1007,7.8755,7.717,,7.564,7.5395,7.331,,7.1233,7.0975,7.0417,7.0493,7.0259
2025-12-02,10.0362,8.5593,8.02,7.8067,7.643,,7.4959,7.473,7.27,,7.0569,7.0396,6.9851,6.991,6.97
2025-12-03,9.9762,8.5183,7.9812,7.7571,7.5854,,7.432,7.4178,7.2206,,7.0198,6.9979,6.953,6.9563,6.9398
2025-12-04,10.0157,8.513,7.9803,7.7293,7.5577,,7.4046,7.3832,7.1827,,6.9798,6.9626,6.9218,6.9193,6.9076
2025-12-05,10.2968,8.6541,8.1759,7.9475,7.7589,,7.5865,7.5754,7.3706,,7.1422,7.1189,7.1083,7.1079,7.0959
2025-12-08,10.3365,8.62,8.171,7.9386,7.77,,7.5867,7.5749,7.3808,,7.13,7.1132,7.1002,7.0927,7.0869
2025-12-09,10.3284,8.65,8.2345,7.9859,7.8625,,7.6838,7.6605,7.4532,,7.1851,7.16,7.1571,7.1406,7.1268
2025-12-10,10.3861,8.692,8.2596,8.0231,7.9141,,7.7204,7.6993,7.4559,,7.2,7.1625,7.1587,7.15,7.137
2025-12-11,10.3676,8.6703,8.21,7.96,7.83,,7.63,7.6056,7.37,,7.13,7.0933,7.09,7.08,7.0676
2025-12-12,10.2784,8.5605,8.12,7.882,7.7668,,7.5844,7.5671,7.3533,,7.1234,7.0738,7.0673,7.0536,7.0409
2025-12-15,10.2642,8.5435,8.0788,7.84,7.724,,7.5668,7.5487,7.3309,,7.1084,7.0623,7.06,7.0414,7.0374
2025-12-16,10.3063,8.5821,8.1391,7.9303,7.7901,,7.6394,7.62,7.4,,7.17,7.1189,7.1153,7.09,7.08
2025-12-17,10.375,8.7,8.2528,8.0635,7.94,,7.7857,7.7548,7.5328,,7.33,7.2767,7.2595,7.23,7.2249
2025-12-18,10.3538,8.7253,8.27,8.07,7.94,,7.79,7.76,7.5381,,7.3354,7.2608,7.2357,7.2053,7.21
2025-12-19,10.32,8.63,8.16,7.9597,7.84,,7.7124,7.6736,7.42,,7.2695,7.2236,7.2,7.17,7.1874
2025-12-22,10.32,8.6195,8.18,7.99,7.8828,,7.7797,7.7556,7.4983,,7.3514,7.2774,7.2457,7.2135,7.2368
2025-12-23,10.34,8.5775,8.1434,7.95,7.8449,,7.7507,7.74,7.4799,,7.3373,7.2532,7.2389,7.1996,7.2149
2025-12-24,10.34,8.5775,8.1434,7.95,7.8449,,7.7507,7.74,7.4799,,7.3373,7.2532,7.2389,7.1996,7.2149
2025-12-26,10.3,8.4844,8.0463,7.8668,7.7642,,7.68,7.6748,7.4261,,7.2992,7.2159,7.2068,7.1677,7.19
2025-12-29,10.3032,8.47,8.0104,7.84,7.74,,7.66,7.66,7.39,,7.2685,7.1896,7.1758,7.1339,7.1738
2025-12-30,10.3092,8.4861,8.0102,7.84,7.7379,,7.6645,7.6627,7.39,,7.27,7.1697,7.1578,7.1174,7.1621
2025-12-31,10.3092,8.4861,8.0102,7.84,7.7379,,7.6645,7.6627,7.39,,7.27,7.1697,7.1578,7.1174,7.1621
2026-01-02,10.3333,8.4494,7.96,7.7944,7.6908,,7.6293,7.6335,7.3602,,7.2599,7.1551,7.1329,7.0956,7.1492
2026-01-05,10.3299,8.4501,7.953,7.8028,7.71,,7.6612,7.6809,7.43,,7.3338,7.2157,7.175,7.1404,7.1783
2026-01-06,10.3279,8.4851,7.9822,7.8375,7.7466,,7.7071,7.7332,7.5029,,7.3977,7.2767,7.23,7.1756,7.2066
2026-01-07,10.3428,8.4797,7.9794,7.85,7.7802,,7.7388,7.7494,7.54,,7.397,7.2764,7.2236,7.18,7.21
2026-01-08,10.3252,8.47,7.9846,7.8546,7.78,,7.7318,7.7313,7.52,,7.3698,7.2607,7.2227,7.1704,7.21
2026-01-09,10.3024,8.522,8.0438,7.9,7.8163,,7.7617,7.76,7.56,,7.4072,7.2941,7.25,7.2026,7.24
2026-01-12,10.3008,8.5173,8.05,7.9073,7.83,,7.7727,7.76,7.5717,,7.4,7.3065,7.2502,7.2055,7.2477
2026-01-13,10.2826,8.4925,8.04,7.9088,7.8296,,7.7738,7.7685,7.5606,,7.4217,7.3258,7.27,7.2205,7.2608
2026-01-14,10.2798,8.5428,8.1391,7.9911,7.9042,7.8699,7.8509,7.8481,7.69,7.5989,7.498,7.3966,7.3392,7.2897,7.3332
2026-01-15,10.2999,8.57,8.1564,8.0038,7.9227,7.8861,7.8603,7.8478,7.6822,7.5972,7.4925,7.382,7.3222,7.2725,7.3061
2026-01-16,10.3102,8.6165,8.1834,8.0489,7.9647,7.9024,7.9,7.91,7.7372,7.6241,7.5204,7.3854,7.3229,7.27,7.3061
2026-01-19,10.31,8.59,8.15,8.03,7.94,7.8968,7.9024,7.9226,7.7566,7.6455,7.5388,7.397,7.337,7.2863,7.3247
2026-01-20,10.33,8.62,8.1612,8.0506,7.9771,7.9367,7.9445,7.9469,7.7924,7.7,7.562,7.4111,7.3438,7.298,7.3245
2026-01-21,10.33,8.5833,8.109,7.9902,7.9283,7.8976,7.9038,7.9019,7.7674,7.688,7.5453,7.3959,7.3221,7.2824,7.3124
2026-01-22,10.2795,8.55,8.0641,7.9411,7.8902,7.8635,7.8534,7.8587,7.7227,7.6571,7.5051,7.3567,7.2698,7.2207,7.2555
2026-01-23,10.3096,8.58,8.06,7.92,7.86,7.8357,7.8,7.791,7.659,7.61,7.4589,7.2879,7.2098,7.1641,7.2043
2026-01-26,10.3265,8.5787,8.0498,7.89,7.8211,7.79,7.7538,7.7457,7.63,7.5824,7.4468,7.2601,7.1887,7.15,7.1792
2026-01-27,10.32,8.53,7.99,7.8233,7.7613,7.712,7.6888,7.6864,7.57,7.5302,7.4225,7.2334,7.1568,7.1137,7.1457
2026-01-28,10.2832,8.47,7.9331,7.7619,7.7039,7.6576,7.6493,7.64,7.5309,7.4999,7.3933,7.2204,7.1435,7.1022,7.133
2026-01-29,10.2673,8.409,7.8661,7.6738,7.6523,7.613,7.6155,7.6062,7.4866,7.4663,7.3624,7.2009,7.1105,7.073,7.0888
2026-01-30,10.2621,8.42,7.8601,7.6769,7.6696,7.626,7.6213,7.63,7.48,7.4663,7.3741,7.2193,7.1214,7.078,7.0905
2026-02-02,10.267,8.3819,7.841,7.6901,7.6914,7.6591,7.6529,7.66,7.51,7.497,7.4086,7.253,7.1577,7.115,7.1301
2026-02-03,10.2237,8.31,7.7918,7.65,7.65,7.6088,7.6149,7.6327,7.5051,7.4974,7.4082,7.2736,7.1839,7.1354,7.15
2026-02-04,10.1917,8.2937,7.8161,7.687,7.6902,7.6504,7.6518,7.66,7.5323,7.5298,7.4123,7.3025,7.2123,7.1617,7.1702
2026-02-05,10.2496,8.2811,7.8,7.67,7.67,7.6478,7.6496,7.6498,7.5395,7.5272,7.4159,7.3026,7.2229,7.1673,7.19
2026-02-06,10.25,8.273,7.8168,7.7,7.7152,7.6878,7.6825,7.6859,7.5841,7.5671,7.4327,7.329,7.2496,7.1915,7.2148
2026-02-09,10.2893,8.31,7.8637,7.7399,7.74,7.7132,7.6922,7.6897,7.59,7.5685,7.4229,7.307,7.2402,7.1802,7.1997
2026-02-10,10.27,8.3139,7.8802,7.7358,7.7411,7.7197,7.6961,7.6801,7.5623,7.5455,7.4,7.3,7.2403,7.1792,7.2074
2026-02-11,10.24,8.28,7.8506,7.72,7.729,7.7038,7.6814,7.669,7.5513,7.5285,7.3994,7.2836,7.22,7.16,7.1978
2026-02-12,10.2059,8.2452,7.8262,7.68,7.6948,7.6812,7.66,7.64,7.53,7.5091,7.38,7.2531,7.1876,7.1388,7.1767
2026-02-13,10.1462,8.17,7.7805,7.6472,7.6737,7.6557,7.6296,7.6181,7.5027,7.481,7.3506,7.2118,7.1473,7.0962,7.1389
2026-02-18,10.0763,8.1101,7.7255,7.61,7.64,7.6276,7.6039,7.6001,7.4869,7.4674,7.3343,7.1846,7.12,7.0719,7.1112
2026-02-19,10.067,8.1161,7.7398,7.64,7.6813,7.6697,7.64,7.63,7.5208,7.4952,7.35,7.1955,7.14,7.0958,7.1369
2026-02-20,10.04,8.119,7.77,7.6531,7.68,7.66,7.6336,7.6081,7.4733,7.4443,7.2923,7.1366,7.0887,7.0539,7.097
2026-02-23,10.0189,8.1108,7.7589,7.65,7.6791,7.66,7.6303,7.61,7.4638,7.4273,7.2652,7.13,7.0997,7.0627,7.1075
2026-02-24,10.0222,8.0857,7.731,7.6011,7.63,7.5986,7.5675,7.5423,7.39,7.37,7.2208,7.1086,7.0695,7.0417,7.0757
2026-02-25,10.0415,8.1,7.7664,7.6172,7.619,7.5724,7.5231,7.5,7.3534,7.3309,7.1912,7.0752,7.0301,7.0102,7.0372
2026-02-26,10.09,8.1012,7.7502,7.568,7.55,7.4817,7.4396,7.4242,7.28,7.2597,7.112,6.9909,6.9499,6.93,6.9517
2026-02-27,9.875,8.087,7.7498,7.559,7.55,7.5077,7.4648,7.4589,7.3427,7.3057,7.1467,7.0372,6.9857,6.9598,6.9792
2026-03-02,10.0293,8.0996,7.76,7.55,7.56,7.5264,7.4814,7.4619,7.3452,7.3112,7.1512,7.0492,6.98,6.9586,6.9791
2026-03-03,10.0769,8.16,7.879,7.67,7.6748,7.6127,7.58,7.5472,7.4218,7.3824,7.2225,7.1155,7.0442,7.0207,7.0366
2026-03-04,10.1249,8.1527,7.8625,7.6617,7.67,7.62,7.59,7.5602,7.4483,7.3953,7.25,7.1286,7.0626,7.0438,7.0555
2026-03-05,10.1003,8.1926,7.926,7.7466,7.7926,7.769,7.7447,7.739,7.6362,7.5551,7.3905,7.2376,7.1712,7.1517,7.16
2026-03-06,9.9139,8.1732,7.95,7.8175,7.8635,7.8447,7.8275,7.811,7.7003,7.6061,7.4573,7.3002,7.2269,7.2044,7.2078
2026-03-09,9.8415,8.1916,7.9791,7.8129,7.8382,7.8014,7.77,7.746,7.6294,7.5429,7.3937,7.2516,7.1754,7.1543,7.1585
2026-03-10,9.9434,8.1791,7.9262,7.7704,7.8056,7.775,7.7308,7.72,7.5877,7.4831,7.3318,7.19,7.114,7.0941,7.0891
2026-03-11,9.9635,8.2257,8.0,7.8602,7.8709,7.8345,7.7802,7.756,7.62,7.4835,7.3199,7.1829,7.1058,7.0832,7.089
2026-03-12,9.933,8.2883,8.1,7.9739,7.9847,7.9264,7.8713,7.8451,7.6926,7.591,7.4289,7.2874,7.2071,7.172,7.184
2026-03-13,9.95,8.53,8.4303,8.299,8.3086,8.2233,8.0911,8.073,7.8641,7.7668,7.6144,7.4996,7.4256,7.3936,7.4038
2026-03-16,9.9376,8.3912,8.1993,8.0099,8.0028,7.9161,7.8106,7.7804,7.5816,7.499,7.3757,7.271,7.1743,7.1522,7.1522
2026-03-17,9.4379,8.3417,8.2299,8.05,8.02,7.9145,7.808,7.7615,7.5522,7.466,7.3363,7.248,7.1613,7.1375,7.1471
2026-03-18,9.5385,8.3495,8.2067,8.0,7.97,7.8706,7.7926,7.7531,7.55,7.4458,7.3273,7.25,7.1736,7.1612,7.172
2026-03-19,9.3147,8.2101,8.0905,7.9061,7.9055,7.8308,7.7882,7.7544,7.5641,7.4661,7.3316,7.253,7.1806,7.1546,7.1733
2026-03-20,9.2,8.2506,8.1649,8.0,8.0278,7.946,7.9013,7.8673,7.6458,7.5237,7.3744,7.2924,7.2553,7.202,7.2374
2026-03-23,9.1445,8.1598,8.0203,7.9006,7.9363,7.8823,7.8315,7.8231,7.6209,7.5045,7.3489,7.2766,7.2343,7.1994,7.2313
2026-03-24,9.1292,8.1831,8.06,7.9616,7.9909,7.9398,7.8896,7.87,7.6576,7.5442,7.3921,7.3187,7.273,7.249,7.2632
2026-03-25,9.1802,8.15,8.02,7.9292,7.96,7.9027,7.8451,7.8292,7.6367,7.536,7.39,7.3011,7.2625,7.2561,7.2587
2026-03-26,8.7396,8.1808,8.1141,8.0061,8.0302,7.9835,7.9233,7.904,7.6976,7.5936,7.4454,7.3593,7.3141,7.3081,7.3082
2026-03-27,9.0396,8.2634,8.1357,8.02,8.0434,8.0,7.94,7.9241,7.6926,7.5813,7.4246,7.3526,7.3152,7.31,7.31
2026-03-30,8.9134,8.0489,8.01,7.9365,7.97,7.9278,7.8846,7.8674,7.6772,7.5703,7.4437,7.36,7.31,7.3095,7.2972
2026-03-31,8.9271,7.9272,7.8425,7.7879,7.8093,7.766,7.7341,7.7236,7.5623,7.5052,7.3961,7.2909,7.2433,7.2388,7.22
2026-04-01,8.813,7.87,7.795,7.7534,7.7806,7.7202,7.7,7.69,7.5418,7.4807,7.3708,7.2728,7.2118,7.1971,7.1897
2026-04-02,8.6003,7.82,7.8031,7.7763,7.82,7.766,7.7399,7.7261,7.568,7.5013,7.3834,7.2546,7.2119,7.1937,7.18
2026-04-06,8.6837,7.8764,7.8623,7.817,7.8401,7.7791,7.7426,7.7233,7.5731,7.4911,7.3791,7.2338,7.176,7.15,7.1498
2026-04-07,8.6088,7.8829,7.8838,7.85,7.8846,7.8141,7.7641,7.7479,7.5978,7.4996,7.3757,7.24,7.1827,7.16,7.154
2026-04-08,8.8685,7.8667,7.75,7.6933,7.7,7.6501,7.6267,7.6127,7.4898,7.404,7.2898,7.167,7.1122,7.0919,7.0788
2026-04-09,8.7731,7.8473,7.7061,7.6446,7.6829,7.6281,7.62,7.6,7.47,7.39,7.2669,7.15,7.0935,7.0673,7.0508
2026-04-10,8.7428,7.8759,7.7671,7.7014,7.731,7.665,7.6282,7.6009,7.45,7.3668,7.2171,7.1084,7.0397,7.0155,6.9956
2026-04-13,8.5764,7.8589,7.7241,7.65,7.67,7.6078,7.5656,7.54,7.4,7.3206,7.1808,7.0848,7.0211,7.0,6.9849
2026-04-14,8.6949,7.841,7.69,7.6103,7.6403,7.5723,7.534,7.5047,7.37,7.31,7.17,7.0836,7.0202,7.0083,6.9922
2026-04-15,8.63,7.803,7.68,7.58,7.62,7.5553,7.5302,7.4951,7.3699,7.3081,7.17,7.0914,7.0201,7.007,6.9954
2026-04-16,8.7057,7.85,7.7462,7.6375,7.66,7.5876,7.5485,7.5155,7.385,7.319,7.1659,7.0885,7.02,7.0078,6.9973
2026-04-17,8.9298,7.8987,7.7365,7.616,7.63,7.5557,7.51,7.4845,7.36,7.2991,7.15,7.0755,7.011,7.0141,7.0
2026-04-20,8.8671,7.9,7.7287,7.61,7.6174,7.5376,7.4832,7.4578,7.332,7.2678,7.1221,7.06,6.9962,6.9929,6.98
2026-04-22,8.7579,7.9194,7.77,7.6628,7.6708,7.596,7.5398,7.5198,7.38,7.31,7.16,7.0878,7.0366,7.0339,7.03
2026-04-23,8.9062,8.018,7.91,7.7957,7.7953,7.7,7.6276,7.6144,7.4572,7.3887,7.2272,7.1456,7.1007,7.0977,7.1001
2026-04-24,9.0497,8.0881,7.9235,7.8,7.792,7.6984,7.6283,7.6054,7.4251,7.3509,7.1976,7.1263,7.0862,7.0805,7.087
2026-04-27,9.1464,8.1307,7.9531,7.8222,7.8087,7.7169,7.6389,7.616,7.4362,7.3684,7.2138,7.1506,7.1111,7.1108,7.1236
2026-04-28,9.2671,8.1691,7.96,7.83,7.82,7.7362,7.6631,7.637,7.4632,7.39,7.2349,7.1666,7.1268,7.1246,7.1209
2026-04-29,9.1442,8.2125,8.0325,7.92,7.9226,7.8455,7.7642,7.7527,7.5626,7.48,7.3181,7.2328,7.1931,7.1833,7.1858
2026-04-30,9.1731,8.17,7.9536,7.8425,7.85,7.7696,7.6974,7.687,7.52,7.4397,7.28,7.1871,7.1423,7.1367,7.1313
2026-05-04,9.1385,8.1472,7.98,7.8831,7.9079,7.83,7.7593,7.7457,7.5672,7.4861,7.3281,7.2401,7.1948,7.19,7.18
2026-05-05,9.1943,8.1276,7.936,7.8421,7.87,7.79,7.7424,7.7185,7.559,7.4748,7.31,7.23,7.1768,7.17,7.1652
2026-05-06,9.41,8.1399,7.8703,7.7804,7.8033,7.73,7.6919,7.6684,7.51,7.4297,7.279,7.1968,7.14,7.131,7.1252
2026-05-07,9.4251,8.11,7.87,7.7843,7.8,7.7246,7.6909,7.6702,7.5326,7.4468,7.2988,7.209,7.15,7.1338,7.123
2026-05-08,9.5358,8.09,7.84,7.74,7.76,7.68,7.6486,7.625,7.49,7.4212,7.2828,7.1915,7.1316,7.1124,7.1045
2026-05-11,9.6165,8.0891,7.8958,7.79,7.81,7.722,7.68,7.66,7.53,7.4505,7.3142,7.2231,7.163,7.1401,7.1278
2026-05-12,9.654,8.0873,7.94,7.83,7.84,7.7533,7.7035,7.68,7.5468,7.4708,7.3334,7.2548,7.1928,7.1623,7.1553
2026-05-13,9.8459,8.1135,8.0599,7.9866,7.991,7.8965,7.851,7.825,7.6632,7.57,7.4275,7.3398,7.2693,7.2434,7.2382
2026-05-14,10.0161,8.0811,8.03,7.95,7.954,7.87,7.8176,7.79,7.6258,7.5213,7.3856,7.3,7.23,7.2072,7.2029
2026-05-15,10.2013,8.12,8.1131,8.0391,8.066,7.9949,7.93,7.9182,7.7496,7.6313,7.4812,7.3767,7.3,7.2662,7.2674
2026-05-18,10.2642,8.11,8.07,7.9843,8.0,7.9387,7.8829,7.87,7.7333,7.6154,7.4772,7.3715,7.2943,7.26,7.2531
2026-05-19,10.1342,8.1148,8.0772,8.001,8.048,7.9925,7.9401,7.938,7.8049,7.6776,7.5372,7.436,7.35,7.32,7.3108
2026-05-20,10.2,8.0985,8.02,7.9432,7.9913,7.9421,7.9113,7.91,7.782,7.6482,7.5112,7.4196,7.33,7.32,7.3127
2026-05-21,10.3371,8.1031,7.9876,7.9126,7.9609,7.9085,7.8821,7.8773,7.7552,7.63,7.4984,7.41,7.3237,7.3155,7.3098
2026-05-22,10.2711,8.1067,8.0158,7.9218,7.9577,7.8968,7.8753,7.8613,7.74,7.6065,7.4933,7.4111,7.3185,7.3156,7.3071
2026-05-25,10.4137,8.09,7.9632,7.8503,7.8933,7.847,7.8318,7.8152,7.7122,7.5999,7.49,7.4079,7.3145,7.3131,7.3076
2026-05-26,10.2892,8.0694,7.9731,7.88,7.93,7.8802,7.8614,7.8353,7.7209,7.598,7.4778,7.39,7.2865,7.2878,7.2777
2026-05-27,10.0497,8.0076,7.9922,7.9,7.94,7.8813,7.8526,7.8323,7.6982,7.5723,7.4553,7.3623,7.2595,7.25,7.2413
2026-05-28,10.1232,8.001,8.03,7.93,7.96,7.8925,7.8454,7.8053,7.6607,7.5354,7.44,7.357,7.267,7.2463,7.2301
2026-05-29,10.093,8.02,8.09,7.9801,8.0046,7.93,7.8765,7.839,7.6999,7.5645,7.4592,7.3702,7.28,7.2534,7.24
2026-06-01,10.1,8.0217,8.12,8.0488,8.086,8.01,7.96,7.91,7.76,7.62,7.512,7.416,7.33,7.2955,7.2826
2026-06-02,10.2851,8.0222,8.16,8.1107,8.1564,8.0675,8.0216,7.9779,7.823,7.6797,7.5591,7.4532,7.3625,7.33,7.3142
2026-06-03,10.6399,8.194,8.3555,8.325,8.3793,8.2879,8.2041,8.1479,7.9532,7.8,7.6738,7.5478,7.4589,7.4282,7.42
2026-06-05,10.75,8.27,8.5384,8.5238,8.5737,8.4799,8.3647,8.35,8.1226,7.9722,7.8492,7.7065,7.6271,7.593,7.583
2026-06-08,10.8473,8.35,8.6718,8.64,8.6772,8.5703,8.4321,8.4225,8.19,8.0161,7.9051,7.7776,7.6896,7.643,7.6375
2026-06-09,11.0389,8.3742,8.71,8.6753,8.6954,8.5891,8.4539,8.4308,8.2097,8.0261,7.8973,7.7606,7.6813,7.6224,7.6201
2026-06-10,11.2382,8.3875,8.73,8.65,8.6357,8.5365,8.41,8.3745,8.1608,7.9693,7.8352,7.6988,7.5979,7.5288,7.5296
2026-06-11,10.65,8.2765,8.5262,8.3845,8.3764,8.2745,8.1748,8.109,7.9118,7.6979,7.5668,7.4686,7.3703,7.3105,7.3069
2026-06-12,11.0015,8.2572,8.4885,8.3561,8.3538,8.2471,8.1435,8.0744,7.8637,7.6437,7.515,7.4325,7.34,7.28,7.2695
2026-06-15,11.315,8.28,8.5059,8.3648,8.38,8.28,8.1655,8.0932,7.8936,7.6902,7.555,7.4749,7.3833,7.3126,7.3077
2026-06-16,11.076,8.5046,8.6596,8.44,8.4406,8.3451,8.2548,8.2078,7.99,7.7723,7.6325,7.5232,7.4228,7.3449,7.3456
2026-06-17,11.1029,8.5193,8.7687,8.5669,8.6157,8.5134,8.4504,8.3655,8.1097,7.8676,7.7313,7.5988,7.4879,7.4014,7.4017
2026-06-18,10.9804,8.52,8.82,8.6346,8.7,8.598,8.52,8.425,8.15,7.9036,7.7543,7.61,7.51,7.42,7.4147
2026-06-19,11.15,8.5733,8.9683,8.8171,8.8766,8.7778,8.652,8.538,8.258,7.9763,7.8262,7.6656,7.5659,7.4658,7.464
2026-06-22,11.1019,8.6,8.963,8.7332,8.7798,8.68,8.5521,8.4326,8.1646,7.9192,7.7964,7.6421,7.5492,7.4583,7.4512
2026-06-23,11.15,8.5772,8.8894,8.6455,8.6925,8.6133,8.5116,8.4134,8.1936,7.9566,7.8256,7.6541,7.5555,7.4722,7.4672
2026-06-24,11.2,8.6677,8.89,8.6503,8.66,8.56,8.46,8.3517,8.1386,7.9325,7.8,7.634,7.5541,7.4777,7.4706
2026-06-25,11.3965,8.725,8.8757,8.6141,8.6077,8.5097,8.4146,8.2993,8.0922,7.9011,7.77,7.6034,7.5305,7.4621,7.457
2026-06-26,11.5904,8.6854,8.8046,8.5166,8.5452,8.4716,8.3827,8.296,8.1273,7.9582,7.8424,7.6679,7.6111,7.5425,7.5361
2026-06-29,11.3101,8.6634,8.8172,8.5543,8.5664,8.45,8.3564,8.2653,8.11,7.96,7.85,7.6898,7.6368,7.5684,7.5615
2026-06-30,11.2498,8.65,8.7903,8.53,8.52,8.3922,8.2991,8.2248,8.1098,7.9879,7.8531,7.6989,7.64,7.569,7.5551
2026-07-01,11.435,8.7045,8.869,8.6033,8.59,8.46,8.384,8.3282,8.22,8.078,7.9389,7.753,7.6888,7.6157,7.602
2026-07-02,11.4504,8.6864,8.8741,8.6484,8.6593,8.55,8.4657,8.3938,8.28,8.13,7.9714,7.7664,7.695,7.6253,7.6061
2026-07-03,11.5375,8.6071,8.7807,8.564,8.57,8.4631,8.3767,8.287,8.1839,8.0269,7.8676,7.6704,7.6133,7.5352,7.5208
2026-07-06,11.4349,8.56,8.7,8.49,8.49,8.402,8.3289,8.2377,8.14,7.9924,7.825,7.6214,7.5645,7.4815,7.469
2026-07-07,11.4789,8.5611,8.72,8.51,8.5,8.39,8.32,8.223,8.1032,7.9539,7.7846,7.5806,7.5254,7.4548,7.4525
2026-07-08,11.5249,8.5356,8.717,8.5,8.49,8.38,8.31,8.22,8.1,7.9628,7.792,7.6,7.5463,7.47,7.47
2026-07-09,11.6898,8.5,8.6302,8.4106,8.4014,8.303,8.24,8.162,8.0567,7.9318,7.7733,7.59,7.54,7.4697,7.4659
2026-07-10,11.545,8.42,8.5556,8.3101,8.3,8.1976,8.14,8.09,8.0127,7.8853,7.7061,7.5482,7.4991,7.4203,7.4178
2026-07-13,11.593,8.3839,8.6,8.37,8.3679,8.26,8.2029,8.1671,8.0771,7.9476,7.7486,7.5892,7.5436,7.4572,7.4476
2026-07-14,11.5686,8.34,8.4849,8.2636,8.2609,8.1734,8.14,8.11,8.01,7.8805,7.702,7.56,7.5128,7.4314,7.42
2026-07-15,11.5764,8.2337,8.4172,8.21,8.2242,8.147,8.1398,8.1,8.0,7.8755,7.7061,7.5581,7.5083,7.4268,7.4097
2026-07-16,11.6785,8.19,8.4056,8.2202,8.22,8.1491,8.1412,8.1025,8.0002,7.8766,7.7066,7.5548,7.4976,7.421,7.4051
2026-07-17,11.7063,8.16,8.5,8.31,8.3257,8.2595,8.24,8.18,8.07,7.9261,7.7576,7.5881,7.539,7.4572,7.4364
2026-07-20,11.7107,8.162,8.57,8.367,8.3782,8.29,8.2702,8.1973,8.08,7.943,7.7764,7.5944,7.5481,7.4673,7.4465
2026-07-21,11.7677,8.1434,8.5896,8.3799,8.3879,8.3099,8.3136,8.2569,8.1502,8.0,7.8363,7.6551,7.6117,7.5276,7.5115
2026-07-22,12.4735,8.1674,8.6681,8.4495,8.4744,8.3858,8.39,8.3475,8.23,8.0671,7.8916,7.7163,7.6659,7.5777,7.5608
2026-07-23,12.7291,8.0749,8.6251,8.4229,8.4612,8.3838,8.3859,8.3614,8.24,8.0663,7.9013,7.7188,7.6794,7.5869,7.5766
2026-07-24,12.5763,8.04,8.5172,8.3199,8.3697,8.2963,8.31,8.2707,8.17,8.0013,7.8529,7.68,7.6447,7.5566,7.5429
2026-07-27,13.1522,8.01,8.4533,8.25,8.3108,8.2572,8.2721,8.25,8.1624,8.0155,7.8618,7.6976,7.67,7.5853,7.5708
2026-07-28,15.5971,8.1391,8.49,8.2619,8.32,8.2825,8.2807,8.2731,8.2039,8.0491,7.9071,7.7404,7.7149,7.6304,7.6167
2026-07-29,14.6795,8.1369,8.5625,8.3371,8.3787,8.35,8.3483,8.3486,8.2867,8.1191,8.0034,7.8339,7.8059,7.7201,7.7177
2026-07-30,14.5464,8.0905,8.515,8.2806,8.3411,8.3106,8.3012,8.2913,8.1989,8.0345,7.9166,7.744,7.7237,7.6314,7.6115
2026-07-31,14.4498,8.06,8.482,8.24,8.2955,8.247,8.2358,8.2199,8.119,7.9534,7.8421,7.6664,7.6575,7.5695,7.5591
2026-08-03,14.5465,8.0775,8.43,8.18,8.2269,8.17,8.1613,8.1468,8.05,7.8869,7.7857,7.6269,7.6177,7.5266,7.5105
2026-08-04,14.5717,8.1,8.4861,8.22,8.252,8.1885,8.1905,8.179,8.0746,7.8935,7.7835,7.6261,7.6143,7.5247,7.5115
2026-08-05,14.5897,8.0541,8.45,8.1841,8.2202,8.1651,8.1707,8.1696,8.0685,7.8741,7.7819,7.6348,7.6139,7.5223,7.5076
2026-08-06,14.6087,8.0302,8.47,8.2059,8.26,8.22,8.2267,8.2266,8.1074,7.8925,7.812,7.6671,7.6366,7.5356,7.5359
2026-08-07,14.8976,7.8949,8.353,8.0845,8.12,8.0877,8.1038,8.1147,8.0116,7.82,7.7702,7.627,7.589,7.49,7.4923
2026-08-10,15.6321,7.8129,8.32,8.0957,8.1434,8.1176,8.1391,8.1412,8.0571,7.8538,7.81,7.6694,7.6225,7.5251,7.5281
2026-08-11,12.9928,7.701,8.31,8.1022,8.1557,8.1256,8.14,8.1383,8.052,7.8507,7.8024,7.6648,7.62,7.5254,7.521
2026-08-12,13.0258,7.6295,8.2603,8.0735,8.149,8.1231,8.1396,8.126,8.0318,7.8404,7.7884,7.65,7.61,7.5208,7.5175
2026-08-13,13.3666,7.5329,8.2603,8.0968,8.1685,8.1338,8.1547,8.14,8.05,7.8622,7.7993,7.6613,7.615,7.5275,7.5238
2026-08-14,13.2098,7.3907,8.3026,8.1228,8.2179,8.2023,8.2198,8.1784,8.0826,7.879,7.7995,7.6663,7.6083,7.519,7.5155
2026-08-17,,7.2563,8.2469,8.0905,8.17,8.144,8.17,8.1125,8.02,7.83,7.73,7.6,7.5387,7.4632,7.4586
2026-08-18,,7.2098,8.24,8.1084,8.1732,8.1408,8.1602,8.11,8.0222,7.8338,7.7332,7.61,7.5512,7.4676,7.46
2026-08-19,,7.1505,8.1729,8.0425,8.1051,8.0602,8.0803,8.0502,7.9588,7.7792,7.6794,7.566,7.52,7.43,7.426
2026-08-20,,7.0499,8.0997,7.9722,8.0534,8.0094,8.0351,8.0114,7.9223,7.749,7.6447,7.5436,7.5029,7.4131,7.4156
2026-08-21,,7.0024,8.07,7.969,8.0435,7.99,8.0195,7.9916,7.8962,7.729,7.6351,7.5355,7.5065,7.4101,7.41
2026-08-24,,6.97,8.102,8.0325,8.0826,8.019,8.0397,8.0021,7.8997,7.7402,7.6422,7.5332,7.5018,7.3962,7.3923
2026-08-25,,6.9686,8.1,8.0525,8.0978,8.0289,8.02,7.9715,7.8654,7.707,7.6094,7.5038,7.4661,7.3655,7.3583
2026-08-26,,6.9803,8.12,8.07,8.11,8.0353,8.0331,7.9833,7.8769,7.7229,7.61,7.5068,7.47,7.3724,7.3633
2026-08-27,,6.8561,8.0131,7.9755,8.0403,7.9833,7.979,7.9318,7.8395,7.6853,7.58,7.483,7.4562,7.359,7.3531
2026-08-28,,6.73,7.952,7.9521,8.08,8.0501,8.0433,8.0008,7.9049,7.7391,7.6178,7.5161,7.4876,7.391,7.3784
2026-08-31,,6.689,7.94,7.9702,8.12,8.09,8.09,8.05,7.9372,7.7704,7.65,7.5538,7.533,7.4292,7.4131
2026-09-01,,6.6,7.8955,7.9305,8.0683,8.0453,8.0502,8.0185,7.8939,7.7459,7.6295,7.5456,7.5234,7.434,7.4238
2026-09-02,,6.5863,7.8533,7.8609,8.02,8.0,8.0045,7.95,7.8076,7.6765,7.5575,7.4972,7.4764,7.4125,7.4002
2026-09-03,,6.63,7.8018,7.801,7.95,7.9238,7.9176,7.8541,7.72,7.5997,7.481,7.4495,7.4238,7.3779,7.3697
2026-09-04,,6.5694,7.75,7.77,7.9006,7.8825,7.8709,7.8221,7.7097,7.5899,7.4676,7.447,7.4327,7.389,7.3862
2026-09-08,,6.4614,7.6588,7.6643,7.77,7.7493,7.75,7.7224,7.615,7.51,7.4024,7.3961,7.393,7.3491,7.3421
2026-09-09,,6.4904,7.6685,7.68,7.8006,7.771,7.7844,7.7666,7.6649,7.557,7.4476,7.441,7.4308,7.3645,7.3601
2026-09-10,,6.432,7.6,7.583,7.68,7.648,7.6605,7.65,7.5882,7.4865,7.3933,7.3862,7.38,7.3144,7.3119
2026-09-11,,6.322,7.5343,7.5099,7.587,7.5551,7.5816,7.5805,7.5543,7.4726,7.3707,7.3659,7.346,7.2692,7.268
2026-09-14,,6.25,7.5151,7.5076,7.61,7.6076,7.6483,7.6477,7.6182,7.5283,7.41,7.39,7.37,7.2841,7.2725
2026-09-15,,6.0929,7.4761,7.52,7.6793,7.6737,7.7229,7.7088,7.6758,7.58,7.454,7.43,7.4011,7.31,7.2943
2026-09-16,,6.0732,7.4712,7.503,7.65,7.6332,7.685,7.6642,7.6359,7.5599,7.4298,7.4067,7.3759,7.29,7.2736
2026-09-17,,5.8988,7.3636,7.4062,7.556,7.53,7.6072,7.6102,7.6111,7.5353,7.4,7.3816,7.34,7.2649,7.2467
2026-09-18,,5.7932,7.33,7.3823,7.56,7.5552,7.6347,7.6401,7.64,7.57,7.4324,7.4,7.35,7.2778,7.265
2026-09-21,,5.8089,7.3776,7.4344,7.6058,7.5841,7.6197,7.6191,7.6169,7.5573,7.42,7.38,7.3268,7.2607,7.2463
2026-09-22,,5.8029,7.42,7.4766,7.655,7.6336,7.6431,7.63,7.6099,7.5427,7.4022,7.36,7.3019,7.2373,7.2286
2026-09-23,,5.65,7.3971,7.5108,7.7098,7.6899,7.68,7.6533,7.6161,7.542,7.4048,7.36,7.2987,7.2384,7.2346
2026-09-24,,5.5998,7.4005,7.53,7.7089,7.6819,7.68,7.66,7.6137,7.55,7.4029,7.36,7.3074,7.2465,7.2494
2026-09-25,,5.4892,7.37,7.49,7.6652,7.6461,7.6598,7.6401,7.6,7.5438,7.3974,7.3396,7.29,7.226,7.21
2026-09-28,,5.5415,7.4447,7.5245,7.6904,7.6712,7.6863,7.6676,7.6252,7.57,7.4,7.3127,7.27,7.1956,7.1668
2026-09-29,,5.5759,7.4104,7.4324,7.6121,7.6016,7.611,7.5921,7.5288,7.4907,7.3234,7.1841,7.17,7.1069,7.0893
