data_referencia,2025-05-15,2026-08-15,2027-05-15,2028-08-15,2029-05-15,2030-08-15,2031-05-15,2032-08-15,2033-05-15,2035-05-15,2037-05-15,2040-08-15,2045-05-15,2050-08-15,2055-05-15,2060-08-15
2025-03-28,7.5,9.2337,8.37,8.127,8.0135,7.9213,,7.8365,7.7347,7.6306,,7.5486,7.53,7.4431,7.423199999999999,7.435300000000001
2025-03-31,7.602,9.19,8.3288,8.0904,7.9768,7.8771,,7.8049,7.707,7.6047,,7.5253,7.4807,7.3908,7.3755,7.3904
2025-04-01,7.68,9.216,8.3732,8.1253,7.9971,7.8962,,7.8198,7.723,7.62,,7.5468,7.53,7.4247,7.41,7.4128
2025-04-02,7.8786,9.2742,8.43,8.1632,8.0235,7.92,,7.83,7.73,7.6275,,7.5551,7.5475,7.4363,7.4158,7.4168
2025-04-03,8.153,9.3089,8.3782,7.9741,7.8001,7.701,,7.6101,7.5368,7.468,,7.3944,7.4102,7.3035,7.2921,7.2931
2025-04-04,8.2733,9.2866,8.31,7.95,7.7704,7.669,,7.5775,7.5334,7.478,,7.3854,7.396,7.2932,7.2834,7.2838
2025-04-07,8.5123,9.2803,8.2688,7.9169,7.726,7.6636,,7.6148,7.5761,7.5338,,7.4204,7.45,7.3406,7.33,7.333
2025-04-08,8.5742,9.29,8.2735,7.944,7.7869,7.7342,,7.6998,7.6613,7.6061,,7.48,7.51,7.4,7.38,7.3746
2025-04-09,8.5705,9.4065,8.443,8.0874,7.8937,7.8106,,7.76,7.7129,7.67,,7.5233,7.5376,7.4167,7.3819,7.3755
2025-04-10,8.6552,9.4695,8.49,8.1308,7.9662,7.891,,7.851,7.81,7.7861,,7.5989,7.6029,7.4697,7.4216,7.417
2025-04-11,8.0879,9.4456,8.4689,8.07,7.8807,7.8078,,7.77,7.723,7.69,,7.4869,7.4777,7.3664,7.311,7.32
2025-04-14,8.0444,9.3609,8.3723,7.9834,7.7851,7.7154,,7.6811,7.6274,7.6129,,7.4334,7.4382,7.3292,7.2967,7.3009
2025-04-15,8.2513,9.3655,8.3796,7.99,7.8023,7.7376,,7.704,7.6556,7.6438,,7.4675,7.4876,7.3834,7.3534,7.3554
2025-04-16,8.3824,9.2673,8.2738,7.92,7.7418,7.6944,,7.6893,7.6527,7.6425,,7.48,7.4948,7.4043,7.3907,7.3999
2025-04-17,8.0241,9.1647,8.1977,7.8773,7.7117,7.6676,,7.6734,7.6603,7.6597,,7.49,7.4988,7.3982,7.39,7.4033
2025-04-18,8.0241,9.1647,8.1977,7.8773,7.7117,7.6676,,7.6734,7.6603,7.6597,,7.49,7.4988,7.3982,7.39,7.4033
2025-04-21,8.0241,9.1647,8.1977,7.8773,7.7117,7.6676,,7.6734,7.6603,7.6597,,7.49,7.4988,7.3982,7.39,7.4033
2025-04-22,7.8813,9.1105,8.2051,7.9394,7.7864,7.7761,,7.7836,7.7677,7.7765,,7.6297,7.6121,7.4901,7.4893,7.4922
2025-04-23,8.1147,9.0633,8.0865,7.8111,7.6979,7.7193,,7.7368,7.7255,7.72,,7.591,7.562,7.447,7.4427,7.4552
2025-04-24,8.2247,9.0095,7.957,7.6365,7.57,7.6007,,7.6161,7.6246,7.63,,7.5286,7.47,7.3598,7.3565,7.3647
2025-04-25,8.403,9.02,7.98,7.6353,7.5541,7.5602,,7.5828,7.5903,7.59,,7.4766,7.4491,7.34,7.3362,7.3592
2025-04-28,8.625,9.0324,7.9853,7.5807,7.49,7.4902,,7.5334,7.5534,7.5603,,7.4506,7.434,7.33,7.3268,7.3461
2025-04-29,8.603,9.0464,8.0175,7.61,7.5025,7.5,,7.5301,7.5295,7.5145,,7.41,7.4068,7.3172,7.3145,7.34
2025-04-30,8.5864,9.0555,7.9942,7.5787,7.46,7.4531,,7.4741,7.4735,7.4651,,7.367,7.3854,7.293,7.2947,7.321
2025-05-01,8.5864,9.0555,7.9942,7.5787,7.46,7.4531,,7.4741,7.4735,7.4651,,7.367,7.3854,7.293,7.2947,7.321
2025-05-02,8.6455,9.0892,8.0508,7.6223,7.49,7.49,,7.51,7.4877,7.4747,,7.3703,7.38,7.2843,7.29,7.3236
2025-05-05,8.8464,9.2476,8.17,7.74,7.5856,7.5644,,7.5795,7.5467,7.5147,,7.41,7.42,7.3212,7.3275,7.3533
2025-05-06,8.812,9.24,8.1492,7.7213,7.5453,7.52,,7.51,7.4647,7.4168,,7.3234,7.3473,7.25,7.2425,7.2789
2025-05-07,8.8252,9.2887,8.2,7.74,7.5404,7.5057,,7.5002,7.4398,7.3823,,7.2707,7.3,7.1987,7.1856,7.2285
2025-05-08,8.6425,9.3146,8.16,7.6251,7.4245,7.39,,7.3865,7.33,7.26,,7.1744,7.222,7.1266,7.1133,7.1429
2025-05-09,8.4843,9.2874,8.15,7.629,7.41,7.3796,,7.3702,7.3008,7.2267,,7.1355,7.18,7.0847,7.0744,7.0961
2025-05-12,8.444,9.1791,8.1373,7.6795,7.4574,7.4239,,7.4069,7.3298,7.2409,,7.15,7.2,7.0937,7.0798,7.1117
2025-05-13,8.4213,9.1039,8.0873,7.6468,7.4391,7.4013,,7.395,7.3246,7.23,,7.14,7.18,7.09,7.073,7.1038
2025-05-14,8.453,9.1557,8.15,7.71,7.5012,7.4669,,7.4777,7.3925,7.28,,7.193,7.227,7.145,7.1329,7.1601
2025-05-15,,9.1428,8.1194,7.6626,7.433,7.4,,7.41,7.35,7.2458,,7.1623,7.21,7.13,7.1121,7.1432
2025-05-16,,9.106,8.0409,7.5888,7.3859,7.3738,,7.3728,7.3268,7.2313,,7.14,7.1867,7.1,7.0869,7.1171
2025-05-19,,9.0862,7.9505,7.5,7.3088,7.3039,,7.2996,7.2642,7.1746,,7.0941,7.1426,7.0627,7.0523,7.076
2025-05-20,,9.1649,8.01,7.536,7.33,7.33,,7.32,7.2833,7.2216,,7.1272,7.1701,7.0969,7.086,7.1161
2025-05-21,,9.2355,8.15,7.6896,7.4632,7.4625,,7.4334,7.3734,7.3005,,7.1796,7.2001,7.1206,7.1072,7.1333
2025-05-22,,9.2517,8.1629,7.7066,7.4766,7.4664,,7.4327,7.35,7.27,,7.1407,7.1464,7.0722,7.0648,7.0877
2025-05-23,,9.1796,8.17,7.7248,7.479,7.4539,,7.4154,7.3216,7.2527,,7.1308,7.14,7.0722,7.0627,7.0892
2025-05-26,,9.2258,8.22,7.7634,7.5,7.4624,,7.4037,7.3037,7.234,,7.1256,7.1375,7.0602,7.0512,7.076
2025-05-27,,9.2414,8.1852,7.691,7.429,7.3929,,7.3193,7.232,7.16,,7.07,7.085,7.0237,7.0148,7.0394
2025-05-28,,9.27,8.23,7.73,7.4638,7.42,,7.3518,7.29,7.21,,7.1188,7.12,7.0634,7.0517,7.0736
2025-05-29,,9.2825,8.2568,7.7376,7.4762,7.4392,,7.3732,7.3152,7.2259,,7.123,7.1241,7.06,7.0546,7.077
2025-05-30,,9.36,8.3437,7.7952,7.553,7.51,,7.44,7.3746,7.2763,,7.16,7.1699,7.1098,7.0964,7.1159
2025-06-02,,9.41,8.39,7.8556,7.616,7.5658,,7.4826,7.42,7.317,,7.1823,7.19,7.1374,7.1274,7.15
2025-06-03,,9.4592,8.44,7.88,7.6134,7.5377,,7.4593,7.41,7.3174,,7.19,7.1963,7.1486,7.1304,7.1533
2025-06-04,,9.5696,8.5127,7.9181,7.6238,7.5231,,7.44,7.3895,7.2886,,7.1619,7.1654,7.1233,7.1086,7.1313
2025-06-05,,9.7236,8.62,8.009,7.6935,7.565,,7.46,7.3965,7.301,,7.1715,7.18,7.14,7.1226,7.1519
2025-06-06,,9.6822,8.5632,7.9375,7.63,7.5207,,7.4252,7.3733,7.2989,,7.1613,7.1771,7.14,7.1277,7.157
2025-06-09,,9.6537,8.5362,7.9207,7.6326,7.53,,7.45,7.3923,7.3197,,7.1889,7.21,7.1714,7.1615,7.1835
2025-06-10,,9.6832,8.58,7.95,7.6612,7.5535,,7.4838,7.4344,7.3613,,7.235,7.2516,7.21,7.1992,7.2187
2025-06-11,,9.78,8.673,8.0144,7.7043,7.5741,,7.4847,7.4148,7.327,,7.1992,7.2139,7.18,7.1707,7.1904
2025-06-12,,9.6827,8.64,7.9662,7.66,7.5306,,7.4812,7.43,7.3597,,7.216,7.2259,7.1951,7.17,7.193
2025-06-13,,9.5329,8.5489,7.91,7.6002,7.5086,,7.4921,7.45,7.37,,7.2148,7.1945,7.1662,7.1371,7.17
2025-06-16,,9.6594,8.6554,7.9789,7.6602,7.5598,,7.5208,7.4531,7.3465,,7.1833,7.1687,7.1458,7.1126,7.1407
2025-06-17,,9.66,8.6629,8.0174,7.7097,7.5901,,7.54,7.4648,7.349,,7.18,7.1589,7.1285,7.0898,7.1125
2025-06-18,,9.7156,8.719,8.0356,7.73,7.6171,,7.5603,7.4773,7.3493,,7.1655,7.1272,7.0899,7.0505,7.0688
2025-06-19,,9.7156,8.719,8.0356,7.73,7.6171,,7.5603,7.4773,7.3493,,7.1655,7.1272,7.0899,7.0505,7.0688
2025-06-20,,9.8402,8.807,8.0247,7.69,7.5786,,7.5052,7.4266,7.2938,,7.1071,7.0762,7.0272,6.9975,7.0032
2025-06-23,,9.91,8.8405,8.0242,7.7001,7.6002,,7.5343,7.434,7.3001,,7.1331,7.1126,7.0476,7.0233,7.0295
2025-06-24,,9.9518,8.84,8.0127,7.6804,7.5799,,7.4801,7.39,7.2994,,7.1584,7.1623,7.1036,7.0838,7.0978
2025-06-25,,9.9876,8.8901,8.0605,7.7166,7.6128,,7.5133,7.415,7.3027,,7.18,7.17,7.122,7.1076,7.1234
2025-06-26,,9.9454,8.8396,8.01,7.6794,7.5824,,7.4807,7.3912,7.29,,7.149,7.137,7.0858,7.0724,7.0848
2025-06-27,,9.8771,8.8195,8.0126,7.694,7.6077,,7.4981,7.3972,7.2752,,7.1104,7.11,7.0422,7.0253,7.0436
2025-06-30,,9.8302,8.7437,7.91,7.58,7.4973,,7.39,7.2977,7.1808,,7.0434,7.0352,6.9575,6.9466,6.9676
2025-07-01,,9.8339,8.6929,7.8995,7.58,7.4953,,7.3846,7.2899,7.1753,,7.0396,7.0251,6.94,6.9243,6.9507
2025-07-02,,9.824,8.65,7.8928,7.5691,7.4823,,7.3778,7.29,7.187,,7.0614,7.0551,6.9735,6.9569,6.99
2025-07-03,,9.788,8.6,7.869,7.55,7.4728,,7.3807,7.2979,7.1895,,7.0669,7.05,6.97,6.9576,6.9895
2025-07-04,,9.8019,8.6178,7.8972,7.5788,7.5,,7.3962,7.3145,7.2077,,7.0867,7.06,6.9745,6.96,6.9902
2025-07-07,,9.823,8.6665,7.96,7.6411,7.5734,,7.4699,7.3824,7.2594,,7.1374,7.0968,7.0037,6.9893,7.0197
2025-07-08,,9.8754,8.68,7.9985,7.7051,7.6479,,7.5373,7.4366,7.2981,,7.1841,7.1453,7.0497,7.0355,7.0737
2025-07-09,,10.0,8.7526,8.0876,7.79,7.7145,,7.5993,7.4982,7.3462,,7.227,7.1768,7.0792,7.0656,7.0976
2025-07-10,,10.1038,8.8848,8.1928,7.89,7.79,,7.6636,7.5325,7.3601,,7.2304,7.1831,7.0893,7.0767,7.1065
2025-07-11,,10.1318,8.9054,8.2201,7.8793,7.7623,,7.6297,7.5105,7.33,,7.1652,7.1399,7.05,7.041,7.0709
2025-07-14,,10.0657,8.8322,8.1899,7.8692,7.7486,,7.6324,7.5145,7.3431,,7.1977,7.185,7.09,7.078,7.1104
2025-07-15,,10.1163,8.825,8.255,7.9205,7.7727,,7.6699,7.5511,7.4231,,7.2795,7.2678,7.1658,7.1403,7.1527
2025-07-16,,10.1634,8.8627,8.306,7.97,7.8186,,7.7162,7.5965,7.4812,,7.339,7.3291,7.2271,7.1992,7.21
2025-07-17,,10.1671,8.8754,8.2916,7.9343,7.78,,7.6764,7.5723,7.4574,,7.3081,7.3066,7.196,7.1669,7.1785
2025-07-18,,10.131,8.9182,8.34,7.9764,7.8393,,7.7307,7.6202,7.4931,,7.3326,7.3355,7.223,7.1957,7.2046
2025-07-21,,10.1442,8.8967,8.3398,7.9649,7.847,,7.7538,7.649,7.5002,,7.34,7.3442,7.23,7.2012,7.2097
2025-07-22,,10.1327,8.85,8.2972,7.9393,7.8352,,7.737,7.6348,7.5068,,7.3523,7.3549,7.241,7.2116,7.2276
2025-07-23,,10.1333,8.8607,8.3227,7.9861,7.8817,,7.7625,7.634,7.4918,,7.3398,7.3373,7.217,7.1891,7.1965
2025-07-24,,10.168,8.8372,8.2924,7.9731,7.8759,,7.7344,7.6088,7.4818,,7.3354,7.3309,7.2169,7.1888,7.1989
2025-07-25,,10.1157,8.785,8.2564,7.9633,7.89,,7.7604,7.6348,7.5177,,7.3701,7.3548,7.2491,7.211,7.2238
2025-07-28,,10.1433,8.76,8.2441,7.9629,7.8787,,7.7642,7.64,7.5295,,7.3632,7.3584,7.2479,7.2064,7.22
2025-07-29,,10.1029,8.725,8.1996,7.9187,7.83,,7.73,7.6086,7.4875,,7.3202,7.3166,7.1988,7.1593,7.1798
2025-07-30,,10.1145,8.7628,8.24,7.95,7.8573,,7.761,7.6259,7.48,,7.3171,7.3171,7.1905,7.1487,7.18
2025-07-31,,10.1398,8.8676,8.34,8.0382,7.9326,,7.83,7.6884,7.53,,7.3447,7.3202,7.1939,7.1463,7.1835
2025-08-01,,10.1159,8.7923,8.2522,7.95,7.8641,,7.7791,7.6528,7.48,,7.2972,7.28,7.1693,7.1323,7.1699
2025-08-04,,10.1527,8.79,8.2276,7.9152,7.826,,7.7533,7.6371,7.4689,,7.2925,7.2805,7.1667,7.14,7.1733
2025-08-05,,10.14,8.8063,8.2349,7.9293,7.83,,7.7304,7.6251,7.47,,7.3133,7.3075,7.1991,7.1691,7.2
2025-08-06,,10.1901,8.8741,8.2573,7.9361,7.83,,7.7294,7.6172,7.4569,,7.2972,7.2965,7.1947,7.17,7.1972
2025-08-07,,10.1898,8.8444,8.1859,7.8627,7.75,,7.6301,7.5293,7.3738,,7.2115,7.21,7.1274,7.1046,7.13
2025-08-08,,10.1658,8.7998,8.1587,7.84,7.7161,,7.5941,7.497,7.3566,,7.2041,7.2076,7.13,7.1135,7.15
2025-08-11,,10.1526,8.75,8.1004,7.7935,7.6702,,7.56,7.4719,7.3606,,7.1894,7.1857,7.1181,7.0971,7.1353
2025-08-12,,10.1556,8.7069,8.049,7.7562,7.6404,,7.5622,7.4873,7.3704,,7.192,7.1859,7.1247,7.1021,7.1484
2025-08-13,,10.0962,8.64,8.01,7.7288,7.6226,,7.549,7.47,7.3535,,7.1874,7.1992,7.1258,7.1067,7.15
2025-08-14,,10.0914,8.6449,8.0105,7.7235,7.6126,,7.5347,7.4512,7.3203,,7.1673,7.19,7.12,7.1,7.1428
2025-08-15,,10.1367,8.6552,8.0239,7.76,7.6526,,7.58,7.496,7.35,,7.192,7.2094,7.1178,7.0952,7.1325
2025-08-18,,10.1537,8.7183,8.08,7.8407,7.757,,7.6796,7.5643,7.415,,7.2257,7.23,7.1465,7.1275,7.1609
2025-08-19,,10.197,8.87,8.2371,7.9864,7.9053,,7.8155,7.6979,7.5366,,7.354,7.35,7.2703,7.2591,7.284
2025-08-20,,10.2453,8.8644,8.1828,7.9455,7.8941,,7.811,7.7353,7.59,,7.3883,7.3765,7.3056,7.2866,7.3087
2025-08-21,,10.25,8.9292,8.25,8.0104,7.9701,,7.8944,7.7861,7.64,,7.4255,7.4,7.3233,7.3072,7.33
2025-08-22,,10.1695,8.8593,8.1516,7.9112,7.8665,,7.7877,7.7004,7.57,,7.3646,7.3303,7.2621,7.25,7.2731
2025-08-25,,10.1463,8.8566,8.1396,7.89,7.8403,,7.7561,7.6727,7.5477,,7.3229,7.2888,7.2144,7.2,7.2252
2025-08-26,,9.9956,8.8,8.1201,7.8788,7.8265,,7.7408,7.67,7.5488,,7.3295,7.29,7.2048,7.19,7.22
2025-08-27,,9.9882,8.7457,8.0809,7.8607,7.82,,7.7432,7.6793,7.5549,,7.3351,7.29,7.2033,7.1959,7.2224
2025-08-28,,9.8906,8.6426,8.0064,7.8,7.7589,,7.676,7.6145,7.4997,,7.2972,7.26,7.1765,7.16,7.19
2025-08-29,,9.8279,8.6201,8.03,7.8362,7.7907,,7.7133,7.6436,7.5349,,7.3423,7.2967,7.2121,7.2004,7.225
2025-09-01,,9.82,8.6252,8.0737,7.8784,7.8409,,7.746,7.6977,7.5989,,7.4498,7.3882,7.2859,7.2746,7.2857
2025-09-02,,9.7467,8.6487,8.11,7.9065,7.8555,,7.76,7.7122,7.6311,,7.4737,7.4086,7.3008,7.2951,7.3
2025-09-03,,9.7576,8.68,8.14,7.9373,7.88,,7.79,7.7312,7.636,,7.46,7.4384,7.3596,7.3372,7.36
2025-09-04,,9.7501,8.6979,8.13,7.9465,7.8949,,7.8063,7.74,7.6576,,7.46,7.4409,7.3674,7.3435,7.3787
2025-09-05,,9.7494,8.6598,8.0612,7.8894,7.8498,,7.7558,7.7152,7.6461,,7.4418,7.4107,7.3306,7.31,7.341
2025-09-08,,9.6697,8.6044,8.04,7.86,7.8263,,7.753,7.7,7.6195,,7.4031,7.3704,7.2906,7.2728,7.3056
2025-09-09,,9.621,8.5694,8.04,7.87,7.8302,,7.76,7.7092,7.607,,7.38,7.35,7.2832,7.2631,7.2947
2025-09-10,,9.53,8.521,7.9765,7.8046,7.7723,,7.7198,7.6637,7.57,,7.3306,7.31,7.2454,7.233,7.26
2025-09-11,,9.5223,8.4846,7.9385,7.7696,7.7488,,7.717,7.6697,7.5674,,7.3156,7.2846,7.2299,7.2139,7.2361
2025-09-12,,9.4364,8.4409,7.9371,7.77,7.765,,7.7363,7.6832,7.5593,,7.31,7.28,7.219,7.1999,7.2262
2025-09-15,,9.45,8.4,7.91,7.74,7.7296,,7.7029,7.6507,7.53,,7.29,7.2601,7.201,7.1831,7.21
2025-09-16,,9.43,8.4099,7.9052,7.7134,7.7001,,7.6711,7.6185,7.4888,,7.2489,7.2197,7.1547,7.1359,7.1649
2025-09-17,,9.436,8.4078,7.8797,7.69,7.68,,7.63,7.5771,7.44,,7.2082,7.1929,7.14,7.1248,7.15
2025-09-18,,9.53,8.5445,8.0,7.805,7.7889,,7.7128,7.6379,7.4737,,7.2276,7.2187,7.1627,7.15,7.18
2025-09-19,,9.5388,8.57,8.0358,7.84,7.8252,,7.7424,7.6812,7.5209,,7.28,7.26,7.2,7.1888,7.2172
2025-09-22,,9.6082,8.66,8.1089,7.9112,7.8944,,7.8109,7.7509,7.5948,,7.34,7.3105,7.2431,7.2303,7.26
2025-09-23,,9.5939,8.6183,8.0547,7.85,7.8168,,7.73,7.6744,7.5131,,7.2758,7.26,7.2015,7.1952,7.23
2025-09-24,,9.5657,8.63,8.0765,7.8829,7.8403,,7.7449,7.6934,7.5149,,7.28,7.2587,7.1966,7.19,7.22
2025-09-25,,9.6085,8.6801,8.1464,7.9455,7.8957,,7.7762,7.7117,7.5328,,7.2866,7.2648,7.2,7.1907,7.22
2025-09-26,,9.6717,8.71,8.14,7.9375,7.87,,7.766,7.7021,7.5295,,7.2796,7.254,7.19,7.1849,7.21
2025-09-29,,9.714,8.7174,8.1779,7.9681,7.9058,,7.8059,7.7576,7.5889,,7.3396,7.2968,7.2352,7.2238,7.2406
2025-09-30,,9.8007,8.7767,8.21,7.9791,7.9132,,7.8102,7.78,7.6178,,7.37,7.3148,7.2487,7.2315,7.2447
2025-10-01,,9.8692,8.82,8.236,7.9991,7.92,,7.805,7.7622,7.5987,,7.3632,7.297,7.23,7.215,7.231
2025-10-02,,9.9734,8.9183,8.3048,8.0741,7.99,,7.86,7.8205,7.6468,,7.4032,7.3302,7.259,7.2466,7.2678
2025-10-03,,10.009,8.9231,8.3205,8.0992,8.0124,,7.8873,7.83,7.6476,,7.4062,7.336,7.27,7.2523,7.2723
2025-10-06,,10.0189,8.8978,8.3206,8.113,8.0367,,7.906,7.8515,7.6611,,7.39,7.33,7.2734,7.2598,7.2773
2025-10-07,,10.0869,8.9192,8.3702,8.17,8.08,,7.9558,7.8987,7.709,,7.4569,7.3989,7.3275,7.3,7.3158
2025-10-08,,10.06,8.85,8.3355,8.134,8.0448,,7.9197,7.8633,7.7,,7.4589,7.4,7.327,7.3,7.32
2025-10-09,,10.0562,8.8224,8.29,8.09,8.0027,,7.9002,7.8405,7.6964,,7.4702,7.41,7.33,7.2941,7.312
2025-10-10,,10.1007,8.8262,8.2856,8.103,8.0355,,7.9403,7.893,7.7603,,7.54,7.4576,7.37,7.3262,7.3476
2025-10-13,,10.1961,8.8997,8.3377,8.15,8.0698,,7.98,7.943,7.79,,7.5777,7.4844,7.3825,7.34,7.3568
2025-10-14,,10.2361,8.94,8.3465,8.1587,8.0668,,7.964,7.9298,7.7793,,7.58,7.49,7.3975,7.3553,7.3708
2025-10-15,,10.1708,8.9147,8.3302,8.1323,8.038,,7.9191,7.8831,7.7229,,7.5412,7.4588,7.3656,7.3235,7.34
2025-10-16,,10.1265,8.88,8.3207,8.1303,8.0468,,7.939,7.8789,7.7411,,7.5671,7.5,7.4005,7.36,7.3778
2025-10-17,,10.089,8.8776,8.3615,8.18,8.0902,,7.98,7.9333,7.791,,7.6067,7.5195,7.4087,7.3702,7.3795
2025-10-20,,10.1143,8.9001,8.3669,8.1677,8.0658,,7.932,7.8672,7.7255,,7.555,7.47,7.3635,7.3284,7.34
2025-10-21,,10.13,8.9421,8.41,8.2083,8.0922,,7.9437,7.8662,7.7114,,7.533,7.4365,7.331,7.296,7.3087
2025-10-22,,10.1379,8.91,8.3626,8.1555,8.0327,,7.9057,7.8273,7.6584,,7.4761,7.3748,7.2702,7.2263,7.2329
2025-10-23,,10.13,8.8736,8.31,8.0902,7.9725,,7.8543,7.78,7.5965,,7.42,7.33,7.2432,7.2039,7.2142
2025-10-24,,10.1714,8.8271,8.2272,8.0079,7.8839,,7.7523,7.6903,7.51,,7.3526,7.2739,7.1946,7.1595,7.1667
2025-10-27,,10.1316,8.7688,8.176,7.96,7.84,,7.7248,7.67,7.5113,,7.35,7.274,7.199,7.1646,7.1735
2025-10-28,,10.1363,8.75,8.1799,7.98,7.87,,7.7532,7.7,7.5575,,7.3975,7.31,7.2357,7.1867,7.19
2025-10-29,,10.13,8.7459,8.2035,8.0246,7.9154,,7.7928,7.7326,7.5728,,7.42,7.3302,7.2467,7.2054,7.217
2025-10-30,,10.132,8.8152,8.2534,8.0703,7.9429,,7.81,7.7401,7.5872,,7.4423,7.3479,7.27,7.2271,7.2425
2025-10-31,,10.0061,8.735,8.1887,8.027,7.9114,,7.79,7.74,7.5868,,7.4434,7.3167,7.2235,7.2,7.217
2025-11-03,,9.9892,8.7331,8.2085,8.05,7.9373,,7.81,7.7681,7.6133,,7.4513,7.3226,7.2323,7.21,7.2329
2025-11-04,,9.9443,8.7037,8.21,8.0747,7.96,,7.8395,7.7919,7.63,,7.48,7.3467,7.2549,7.24,7.2506
2025-11-05,,9.9035,8.71,8.2358,8.1029,7.9788,,7.8502,7.79,7.62,,7.4402,7.3134,7.22,7.2103,7.22
2025-11-06,,9.9475,8.7616,8.2682,8.0977,7.96,,7.8222,7.75,7.5608,,7.3839,7.268,7.19,7.182,7.1912
2025-11-07,,9.9238,8.7209,8.21,8.04,7.91,,7.7701,7.703,7.535,,7.36,7.2553,7.1726,7.1673,7.18
2025-11-10,,9.8476,8.66,8.1552,7.9828,7.87,,7.737,7.68,7.51,,7.3409,7.2432,7.1555,7.15,7.1482
2025-11-11,,9.7756,8.512,7.9912,7.827,7.7388,,7.6247,7.5779,7.4164,,7.25,7.1745,7.1,7.09,7.0899
2025-11-12,,9.8452,8.539,7.9551,7.7839,7.6972,,7.589,7.5389,7.38,,7.1992,7.1386,7.05,7.0444,7.0399
2025-11-13,,10.018,8.6349,8.0168,7.8145,7.72,,7.6062,7.5643,7.4108,,7.2402,7.1575,7.0638,7.053,7.0526
2025-11-14,,10.0724,8.66,8.03,7.82,7.7224,,7.5967,7.5509,7.3905,,7.2084,7.1258,7.0358,7.0319,7.0386
2025-11-17,,10.0661,8.65,8.06,7.87,7.7662,,7.6444,7.5969,7.4196,,7.2245,7.1508,7.0752,7.0738,7.0774
2025-11-18,,10.0112,8.607,8.05,7.88,7.7691,,7.6389,7.5867,7.4063,,7.23,7.16,7.08,7.0757,7.0773
2025-11-19,,10.0498,8.61,8.0475,7.8628,7.74,,7.6035,7.5521,7.3607,,7.1889,7.1297,7.0459,7.0471,7.0437
2025-11-21,,10.0691,8.6004,8.03,7.8598,7.7397,,7.5964,7.5484,7.3601,,7.2007,7.1348,7.0497,7.0485,7.0448
2025-11-24,,10.0847,8.5548,8.0282,7.8562,7.7424,,7.6064,7.5558,7.367,,7.2,7.1394,7.0435,7.0505,7.04
2025-11-25,,10.0779,8.5236,8.03,7.8458,7.7057,,7.5651,7.5115,7.3129,,7.1447,7.0878,7.004,7.0123,6.993
2025-11-26,,10.0314,8.4958,8.0091,7.8198,7.6621,,7.53,7.4709,7.29,,7.1126,7.0657,6.9867,7.0,6.98
2025-11-27,,10.042,8.52,8.03,7.8198,7.6605,,7.5182,7.476,7.2928,,7.0993,7.0696,6.9937,7.011,6.9843
2025-11-28,,10.0588,8.5704,8.0623,7.84,7.6769,,7.5348,7.503,7.3118,,7.11,7.08,7.0209,7.03,7.01
2025-12-01,,10.09,8.626,8.1007,7.8755,7.717,,7.564,7.5395,7.331,,7.1233,7.0975,7.0417,7.0493,7.0259
2025-12-02,,10.0362,8.5593,8.02,7.8067,7.643,,7.4959,7.473,7.27,,7.0569,7.0396,6.9851,6.991,6.97
2025-12-03,,9.9762,8.5183,7.9812,7.7571,7.5854,,7.432,7.4178,7.2206,,7.0198,6.9979,6.953,6.9563,6.9398
2025-12-04,,10.0157,8.513,7.9803,7.7293,7.5577,,7.4046,7.3832,7.1827,,6.9798,6.9626,6.9218,6.9193,6.9076
2025-12-05,,10.2968,8.6541,8.1759,7.9475,7.7589,,7.5865,7.5754,7.3706,,7.1422,7.1189,7.1083,7.1079,7.0959
2025-12-08,,10.3365,8.62,8.171,7.9386,7.77,,7.5867,7.5749,7.3808,,7.13,7.1132,7.1002,7.0927,7.0869
2025-12-09,,10.3284,8.65,8.2345,7.9859,7.8625,,7.6838,7.6605,7.4532,,7.1851,7.16,7.1571,7.1406,7.1268
2025-12-10,,10.3861,8.692,8.2596,8.0231,7.9141,,7.7204,7.6993,7.4559,,7.2,7.1625,7.1587,7.15,7.137
2025-12-11,,10.3676,8.6703,8.21,7.96,7.83,,7.63,7.6056,7.37,,7.13,7.0933,7.09,7.08,7.0676
2025-12-12,,10.2784,8.5605,8.12,7.882,7.7668,,7.5844,7.5671,7.3533,,7.1234,7.0738,7.0673,7.0536,7.0409
2025-12-15,,10.2642,8.5435,8.0788,7.84,7.724,,7.5668,7.5487,7.3309,,7.1084,7.0623,7.06,7.0414,7.0374
2025-12-16,,10.3063,8.5821,8.1391,7.9303,7.7901,,7.6394,7.62,7.4,,7.17,7.1189,7.1153,7.09,7.08
2025-12-17,,10.375,8.7,8.2528,8.0635,7.94,,7.7857,7.7548,7.5328,,7.33,7.2767,7.2595,7.23,7.2249
2025-12-18,,10.3538,8.7253,8.27,8.07,7.94,,7.79,7.76,7.5381,,7.3354,7.2608,7.2357,7.2053,7.21
2025-12-19,,10.32,8.63,8.16,7.9597,7.84,,7.7124,7.6736,7.42,,7.2695,7.2236,7.2,7.17,7.1874
2025-12-22,,10.32,8.6195,8.18,7.99,7.8828,,7.7797,7.7556,7.4983,,7.3514,7.2774,7.2457,7.2135,7.2368
2025-12-23,,10.34,8.5775,8.1434,7.95,7.8449,,7.7507,7.74,7.4799,,7.3373,7.2532,7.2389,7.1996,7.2149
2025-12-24,,10.34,8.5775,8.1434,7.95,7.8449,,7.7507,7.74,7.4799,,7.3373,7.2532,7.2389,7.1996,7.2149
2025-12-26,,10.3,8.4844,8.0463,7.8668,7.7642,,7.68,7.6748,7.4261,,7.2992,7.2159,7.2068,7.1677,7.19
2025-12-29,,10.3032,8.47,8.0104,7.84,7.74,,7.66,7.66,7.39,,7.2685,7.1896,7.1758,7.1339,7.1738
2025-12-30,,10.3092,8.4861,8.0102,7.84,7.7379,,7.6645,7.6627,7.39,,7.27,7.1697,7.1578,7.1174,7.1621
2025-12-31,,10.3092,8.4861,8.0102,7.84,7.7379,,7.6645,7.6627,7.39,,7.27,7.1697,7.1578,7.1174,7.1621
2026-01-02,,10.3333,8.4494,7.96,7.7944,7.6908,,7.6293,7.6335,7.3602,,7.2599,7.1551,7.1329,7.0956,7.1492
2026-01-05,,10.3299,8.4501,7.953,7.8028,7.71,,7.6612,7.6809,7.43,,7.3338,7.2157,7.175,7.1404,7.1783
2026-01-06,,10.3279,8.4851,7.9822,7.8375,7.7466,,7.7071,7.7332,7.5029,,7.3977,7.2767,7.23,7.1756,7.2066
2026-01-07,,10.3428,8.4797,7.9794,7.85,7.7802,,7.7388,7.7494,7.54,,7.397,7.2764,7.2236,7.18,7.21
2026-01-08,,10.3252,8.47,7.9846,7.8546,7.78,,7.7318,7.7313,7.52,,7.3698,7.2607,7.2227,7.1704,7.21
2026-01-09,,10.3024,8.522,8.0438,7.9,7.8163,,7.7617,7.76,7.56,,7.4072,7.2941,7.25,7.2026,7.24
2026-01-12,,10.3008,8.5173,8.05,7.9073,7.83,,7.7727,7.76,7.5717,,7.4,7.3065,7.2502,7.2055,7.2477
2026-01-13,,10.2826,8.4925,8.04,7.9088,7.8296,,7.7738,7.7685,7.5606,,7.4217,7.3258,7.27,7.2205,7.2608
2026-01-14,,10.2798,8.5428,8.1391,7.9911,7.9042,7.8699,7.8509,7.8481,7.69,7.5989,7.498,7.3966,7.3392,7.2897,7.3332
2026-01-15,,10.2999,8.57,8.1564,8.0038,7.9227,7.8861,7.8603,7.8478,7.6822,7.5972,7.4925,7.382,7.3222,7.2725,7.3061
2026-01-16,,10.3102,8.6165,8.1834,8.0489,7.9647,7.9024,7.9,7.91,7.7372,7.6241,7.5204,7.3854,7.3229,7.27,7.3061
2026-01-19,,10.31,8.59,8.15,8.03,7.94,7.8968,7.9024,7.9226,7.7566,7.6455,7.5388,7.397,7.337,7.2863,7.3247
2026-01-20,,10.33,8.62,8.1612,8.0506,7.9771,7.9367,7.9445,7.9469,7.7924,7.7,7.562,7.4111,7.3438,7.298,7.3245
2026-01-21,,10.33,8.5833,8.109,7.9902,7.9283,7.8976,7.9038,7.9019,7.7674,7.688,7.5453,7.3959,7.3221,7.2824,7.3124
2026-01-22,,10.2795,8.55,8.0641,7.9411,7.8902,7.8635,7.8534,7.8587,7.7227,7.6571,7.5051,7.3567,7.2698,7.2207,7.2555
2026-01-23,,10.3096,8.58,8.06,7.92,7.86,7.8357,7.8,7.791,7.659,7.61,7.4589,7.2879,7.2098,7.1641,7.2043
2026-01-26,,10.3265,8.5787,8.0498,7.89,7.8211,7.79,7.7538,7.7457,7.63,7.5824,7.4468,7.2601,7.1887,7.15,7.1792
2026-01-27,,10.32,8.53,7.99,7.8233,7.7613,7.712,7.6888,7.6864,7.57,7.5302,7.4225,7.2334,7.1568,7.1137,7.1457
2026-01-28,,10.2832,8.47,7.9331,7.7619,7.7039,7.6576,7.6493,7.64,7.5309,7.4999,7.3933,7.2204,7.1435,7.1022,7.133
2026-01-29,,10.2673,8.409,7.8661,7.6738,7.6523,7.613,7.6155,7.6062,7.4866,7.4663,7.3624,7.2009,7.1105,7.073,7.0888
2026-01-30,,10.2621,8.42,7.8601,7.6769,7.6696,7.626,7.6213,7.63,7.48,7.4663,7.3741,7.2193,7.1214,7.078,7.0905
2026-02-02,,10.267,8.3819,7.841,7.6901,7.6914,7.6591,7.6529,7.66,7.51,7.497,7.4086,7.253,7.1577,7.115,7.1301
2026-02-03,,10.2237,8.31,7.7918,7.65,7.65,7.6088,7.6149,7.6327,7.5051,7.4974,7.4082,7.2736,7.1839,7.1354,7.15
2026-02-04,,10.1917,8.2937,7.8161,7.687,7.6902,7.6504,7.6518,7.66,7.5323,7.5298,7.4123,7.3025,7.2123,7.1617,7.1702
2026-02-05,,10.2496,8.2811,7.8,7.67,7.67,7.6478,7.6496,7.6498,7.5395,7.5272,7.4159,7.3026,7.2229,7.1673,7.19
2026-02-06,,10.25,8.273,7.8168,7.7,7.7152,7.6878,7.6825,7.6859,7.5841,7.5671,7.4327,7.329,7.2496,7.1915,7.2148
2026-02-09,,10.2893,8.31,7.8637,7.7399,7.74,7.7132,7.6922,7.6897,7.59,7.5685,7.4229,7.307,7.2402,7.1802,7.1997
2026-02-10,,10.27,8.3139,7.8802,7.7358,7.7411,7.7197,7.6961,7.6801,7.5623,7.5455,7.4,7.3,7.2403,7.1792,7.2074
2026-02-11,,10.24,8.28,7.8506,7.72,7.729,7.7038,7.6814,7.669,7.5513,7.5285,7.3994,7.2836,7.22,7.16,7.1978
2026-02-12,,10.2059,8.2452,7.8262,7.68,7.6948,7.6812,7.66,7.64,7.53,7.5091,7.38,7.2531,7.1876,7.1388,7.1767
2026-02-13,,10.1462,8.17,7.7805,7.6472,7.6737,7.6557,7.6296,7.6181,7.5027,7.481,7.3506,7.2118,7.1473,7.0962,7.1389
2026-02-18,,10.0763,8.1101,7.7255,7.61,7.64,7.6276,7.6039,7.6001,7.4869,7.4674,7.3343,7.1846,7.12,7.0719,7.1112
2026-02-19,,10.067,8.1161,7.7398,7.64,7.6813,7.6697,7.64,7.63,7.5208,7.4952,7.35,7.1955,7.14,7.0958,7.1369
2026-02-20,,10.04,8.119,7.77,7.6531,7.68,7.66,7.6336,7.6081,7.4733,7.4443,7.2923,7.1366,7.0887,7.0539,7.097
2026-02-23,,10.0189,8.1108,7.7589,7.65,7.6791,7.66,7.6303,7.61,7.4638,7.4273,7.2652,7.13,7.0997,7.0627,7.1075
2026-02-24,,10.0222,8.0857,7.731,7.6011,7.63,7.5986,7.5675,7.5423,7.39,7.37,7.2208,7.1086,7.0695,7.0417,7.0757
2026-02-25,,10.0415,8.1,7.7664,7.6172,7.619,7.5724,7.5231,7.5,7.3534,7.3309,7.1912,7.0752,7.0301,7.0102,7.0372
2026-02-26,,10.09,8.1012,7.7502,7.568,7.55,7.4817,7.4396,7.4242,7.28,7.2597,7.112,6.9909,6.9499,6.93,6.9517
2026-02-27,,9.875,8.087,7.7498,7.559,7.55,7.5077,7.4648,7.4589,7.3427,7.3057,7.1467,7.0372,6.9857,6.9598,6.9792
2026-03-02,,10.0293,8.0996,7.76,7.55,7.56,7.5264,7.4814,7.4619,7.3452,7.3112,7.1512,7.0492,6.98,6.9586,6.9791
2026-03-03,,10.0769,8.16,7.879,7.67,7.6748,7.6127,7.58,7.5472,7.4218,7.3824,7.2225,7.1155,7.0442,7.0207,7.0366
2026-03-04,,10.1249,8.1527,7.8625,7.6617,7.67,7.62,7.59,7.5602,7.4483,7.3953,7.25,7.1286,7.0626,7.0438,7.0555
2026-03-05,,10.1003,8.1926,7.926,7.7466,7.7926,7.769,7.7447,7.739,7.6362,7.5551,7.3905,7.2376,7.1712,7.1517,7.16
2026-03-06,,9.9139,8.1732,7.95,7.8175,7.8635,7.8447,7.8275,7.811,7.7003,7.6061,7.4573,7.3002,7.2269,7.2044,7.2078
2026-03-09,,9.8415,8.1916,7.9791,7.8129,7.8382,7.8014,7.77,7.746,7.6294,7.5429,7.3937,7.2516,7.1754,7.1543,7.1585
2026-03-10,,9.9434,8.1791,7.9262,7.7704,7.8056,7.775,7.7308,7.72,7.5877,7.4831,7.3318,7.19,7.114,7.0941,7.0891
2026-03-11,,9.9635,8.2257,8.0,7.8602,7.8709,7.8345,7.7802,7.756,7.62,7.4835,7.3199,7.1829,7.1058,7.0832,7.089
2026-03-12,,9.933,8.2883,8.1,7.9739,7.9847,7.9264,7.8713,7.8451,7.6926,7.591,7.4289,7.2874,7.2071,7.172,7.184
2026-03-13,,9.95,8.53,8.4303,8.299,8.3086,8.2233,8.0911,8.073,7.8641,7.7668,7.6144,7.4996,7.4256,7.3936,7.4038
2026-03-16,,9.9376,8.3912,8.1993,8.0099,8.0028,7.9161,7.8106,7.7804,7.5816,7.499,7.3757,7.271,7.1743,7.1522,7.1522
2026-03-17,,9.4379,8.3417,8.2299,8.05,8.02,7.9145,7.808,7.7615,7.5522,7.466,7.3363,7.248,7.1613,7.1375,7.1471
2026-03-18,,9.5385,8.3495,8.2067,8.0,7.97,7.8706,7.7926,7.7531,7.55,7.4458,7.3273,7.25,7.1736,7.1612,7.172
2026-03-19,,9.3147,8.2101,8.0905,7.9061,7.9055,7.8308,7.7882,7.7544,7.5641,7.4661,7.3316,7.253,7.1806,7.1546,7.1733
2026-03-20,,9.2,8.2506,8.1649,8.0,8.0278,7.946,7.9013,7.8673,7.6458,7.5237,7.3744,7.2924,7.2553,7.202,7.2374
2026-03-23,,9.1445,8.1598,8.0203,7.9006,7.9363,7.8823,7.8315,7.8231,7.6209,7.5045,7.3489,7.2766,7.2343,7.1994,7.2313
2026-03-24,,9.1292,8.1831,8.06,7.9616,7.9909,7.9398,7.8896,7.87,7.6576,7.5442,7.3921,7.3187,7.273,7.249,7.2632
2026-03-25,,9.1802,8.15,8.02,7.9292,7.96,7.9027,7.8451,7.8292,7.6367,7.536,7.39,7.3011,7.2625,7.2561,7.2587
2026-03-26,,8.7396,8.1808,8.1141,8.0061,8.0302,7.9835,7.9233,7.904,7.6976,7.5936,7.4454,7.3593,7.3141,7.3081,7.3082
2026-03-27,,9.0396,8.2634,8.1357,8.02,8.0434,8.0,7.94,7.9241,7.6926,7.5813,7.4246,7.3526,7.3152,7.31,7.31
2026-03-30,,8.9134,8.0489,8.01,7.9365,7.97,7.9278,7.8846,7.8674,7.6772,7.5703,7.4437,7.36,7.31,7.3095,7.2972
2026-03-31,,8.9271,7.9272,7.8425,7.7879,7.8093,7.766,7.7341,7.7236,7.5623,7.5052,7.3961,7.2909,7.2433,7.2388,7.22
2026-04-01,,8.813,7.87,7.795,7.7534,7.7806,7.7202,7.7,7.69,7.5418,7.4807,7.3708,7.2728,7.2118,7.1971,7.1897
2026-04-02,,8.6003,7.82,7.8031,7.7763,7.82,7.766,7.7399,7.7261,7.568,7.5013,7.3834,7.2546,7.2119,7.1937,7.18
2026-04-06,,8.6837,7.8764,7.8623,7.817,7.8401,7.7791,7.7426,7.7233,7.5731,7.4911,7.3791,7.2338,7.176,7.15,7.1498
2026-04-07,,8.6088,7.8829,7.8838,7.85,7.8846,7.8141,7.7641,7.7479,7.5978,7.4996,7.3757,7.24,7.1827,7.16,7.154
2026-04-08,,8.8685,7.8667,7.75,7.6933,7.7,7.6501,7.6267,7.6127,7.4898,7.404,7.2898,7.167,7.1122,7.0919,7.0788
2026-04-09,,8.7731,7.8473,7.7061,7.6446,7.6829,7.6281,7.62,7.6,7.47,7.39,7.2669,7.15,7.0935,7.0673,7.0508
2026-04-10,,8.7428,7.8759,7.7671,7.7014,7.731,7.665,7.6282,7.6009,7.45,7.3668,7.2171,7.1084,7.0397,7.0155,6.9956
2026-04-13,,8.5764,7.8589,7.7241,7.65,7.67,7.6078,7.5656,7.54,7.4,7.3206,7.1808,7.0848,7.0211,7.0,6.9849
2026-04-14,,8.6949,7.841,7.69,7.6103,7.6403,7.5723,7.534,7.5047,7.37,7.31,7.17,7.0836,7.0202,7.0083,6.9922
2026-04-15,,8.63,7.803,7.68,7.58,7.62,7.5553,7.5302,7.4951,7.3699,7.3081,7.17,7.0914,7.0201,7.007,6.9954
2026-04-16,,8.7057,7.85,7.7462,7.6375,7.66,7.5876,7.5485,7.5155,7.385,7.319,7.1659,7.0885,7.02,7.0078,6.9973
2026-04-17,,8.9298,7.8987,7.7365,7.616,7.63,7.5557,7.51,7.4845,7.36,7.2991,7.15,7.0755,7.011,7.0141,7.0
2026-04-20,,8.8671,7.9,7.7287,7.61,7.6174,7.5376,7.4832,7.4578,7.332,7.2678,7.1221,7.06,6.9962,6.9929,6.98
2026-04-22,,8.7579,7.9194,7.77,7.6628,7.6708,7.596,7.5398,7.5198,7.38,7.31,7.16,7.0878,7.0366,7.0339,7.03
2026-04-23,,8.9062,8.018,7.91,7.7957,7.7953,7.7,7.6276,7.6144,7.4572,7.3887,7.2272,7.1456,7.1007,7.0977,7.1001
2026-04-24,,9.0497,8.0881,7.9235,7.8,7.792,7.6984,7.6283,7.6054,7.4251,7.3509,7.1976,7.1263,7.0862,7.0805,7.087
2026-04-27,,9.1464,8.1307,7.9531,7.8222,7.8087,7.7169,7.6389,7.616,7.4362,7.3684,7.2138,7.1506,7.1111,7.1108,7.1236
2026-04-28,,9.2671,8.1691,7.96,7.83,7.82,7.7362,7.6631,7.637,7.4632,7.39,7.2349,7.1666,7.1268,7.1246,7.1209
2026-04-29,,9.1442,8.2125,8.0325,7.92,7.9226,7.8455,7.7642,7.7527,7.5626,7.48,7.3181,7.2328,7.1931,7.1833,7.1858
2026-04-30,,9.1731,8.17,7.9536,7.8425,7.85,7.7696,7.6974,7.687,7.52,7.4397,7.28,7.1871,7.1423,7.1367,7.1313
2026-05-04,,9.1385,8.1472,7.98,7.8831,7.9079,7.83,7.7593,7.7457,7.5672,7.4861,7.3281,7.2401,7.1948,7.19,7.18
2026-05-05,,9.1943,8.1276,7.936,7.8421,7.87,7.79,7.7424,7.7185,7.559,7.4748,7.31,7.23,7.1768,7.17,7.1652
2026-05-06,,9.41,8.1399,7.8703,7.7804,7.8033,7.73,7.6919,7.6684,7.51,7.4297,7.279,7.1968,7.14,7.131,7.1252
2026-05-07,,9.4251,8.11,7.87,7.7843,7.8,7.7246,7.6909,7.6702,7.5326,7.4468,7.2988,7.209,7.15,7.1338,7.123
2026-05-08,,9.5358,8.09,7.84,7.74,7.76,7.68,7.6486,7.625,7.49,7.4212,7.2828,7.1915,7.1316,7.1124,7.1045
2026-05-11,,9.6165,8.0891,7.8958,7.79,7.81,7.722,7.68,7.66,7.53,7.4505,7.3142,7.2231,7.163,7.1401,7.1278
2026-05-12,,9.654,8.0873,7.94,7.83,7.84,7.7533,7.7035,7.68,7.5468,7.4708,7.3334,7.2548,7.1928,7.1623,7.1553
2026-05-13,,9.8459,8.1135,8.0599,7.9866,7.991,7.8965,7.851,7.825,7.6632,7.57,7.4275,7.3398,7.2693,7.2434,7.2382
2026-05-14,,10.0161,8.0811,8.03,7.95,7.954,7.87,7.8176,7.79,7.6258,7.5213,7.3856,7.3,7.23,7.2072,7.2029
2026-05-15,,10.2013,8.12,8.1131,8.0391,8.066,7.9949,7.93,7.9182,7.7496,7.6313,7.4812,7.3767,7.3,7.2662,7.2674
2026-05-18,,10.2642,8.11,8.07,7.9843,8.0,7.9387,7.8829,7.87,7.7333,7.6154,7.4772,7.3715,7.2943,7.26,7.2531
2026-05-19,,10.1342,8.1148,8.0772,8.001,8.048,7.9925,7.9401,7.938,7.8049,7.6776,7.5372,7.436,7.35,7.32,7.3108
2026-05-20,,10.2,8.0985,8.02,7.9432,7.9913,7.9421,7.9113,7.91,7.782,7.6482,7.5112,7.4196,7.33,7.32,7.3127
2026-05-21,,10.3371,8.1031,7.9876,7.9126,7.9609,7.9085,7.8821,7.8773,7.7552,7.63,7.4984,7.41,7.3237,7.3155,7.3098
2026-05-22,,10.2711,8.1067,8.0158,7.9218,7.9577,7.8968,7.8753,7.8613,7.74,7.6065,7.4933,7.4111,7.3185,7.3156,7.3071
2026-05-25,,10.4137,8.09,7.9632,7.8503,7.8933,7.847,7.8318,7.8152,7.7122,7.5999,7.49,7.4079,7.3145,7.3131,7.3076
2026-05-26,,10.2892,8.0694,7.9731,7.88,7.93,7.8802,7.8614,7.8353,7.7209,7.598,7.4778,7.39,7.2865,7.2878,7.2777
2026-05-27,,10.0497,8.0076,7.9922,7.9,7.94,7.8813,7.8526,7.8323,7.6982,7.5723,7.4553,7.3623,7.2595,7.25,7.2413
2026-05-28,,10.1232,8.001,8.03,7.93,7.96,7.8925,7.8454,7.8053,7.6607,7.5354,7.44,7.357,7.267,7.2463,7.2301
2026-05-29,,10.093,8.02,8.09,7.9801,8.0046,7.93,7.8765,7.839,7.6999,7.5645,7.4592,7.3702,7.28,7.2534,7.24
2026-06-01,,10.1,8.0217,8.12,8.0488,8.086,8.01,7.96,7.91,7.76,7.62,7.512,7.416,7.33,7.2955,7.2826
2026-06-02,,10.2851,8.0222,8.16,8.1107,8.1564,8.0675,8.0216,7.9779,7.823,7.6797,7.5591,7.4532,7.3625,7.33,7.3142
2026-06-03,,10.6399,8.194,8.3555,8.325,8.3793,8.2879,8.2041,8.1479,7.9532,7.8,7.6738,7.5478,7.4589,7.4282,7.42
2026-06-05,,10.75,8.27,8.5384,8.5238,8.5737,8.4799,8.3647,8.35,8.1226,7.9722,7.8492,7.7065,7.6271,7.593,7.583
2026-06-08,,10.8473,8.35,8.6718,8.64,8.6772,8.5703,8.4321,8.4225,8.19,8.0161,7.9051,7.7776,7.6896,7.643,7.6375
2026-06-09,,11.0389,8.3742,8.71,8.6753,8.6954,8.5891,8.4539,8.4308,8.2097,8.0261,7.8973,7.7606,7.6813,7.6224,7.6201
2026-06-10,,11.2382,8.3875,8.73,8.65,8.6357,8.5365,8.41,8.3745,8.1608,7.9693,7.8352,7.6988,7.5979,7.5288,7.5296
2026-06-11,,10.65,8.2765,8.5262,8.3845,8.3764,8.2745,8.1748,8.109,7.9118,7.6979,7.5668,7.4686,7.3703,7.3105,7.3069
2026-06-12,,11.0015,8.2572,8.4885,8.3561,8.3538,8.2471,8.1435,8.0744,7.8637,7.6437,7.515,7.4325,7.34,7.28,7.2695
2026-06-15,,11.315,8.28,8.5059,8.3648,8.38,8.28,8.1655,8.0932,7.8936,7.6902,7.555,7.4749,7.3833,7.3126,7.3077
2026-06-16,,11.076,8.5046,8.6596,8.44,8.4406,8.3451,8.2548,8.2078,7.99,7.7723,7.6325,7.5232,7.4228,7.3449,7.3456
2026-06-17,,11.1029,8.5193,8.7687,8.5669,8.6157,8.5134,8.4504,8.3655,8.1097,7.8676,7.7313,7.5988,7.4879,7.4014,7.4017
2026-06-18,,10.9804,8.52,8.82,8.6346,8.7,8.598,8.52,8.425,8.15,7.9036,7.7543,7.61,7.51,7.42,7.4147
2026-06-19,,11.15,8.5733,8.9683,8.8171,8.8766,8.7778,8.652,8.538,8.258,7.9763,7.8262,7.6656,7.5659,7.4658,7.464
2026-06-22,,11.1019,8.6,8.963,8.7332,8.7798,8.68,8.5521,8.4326,8.1646,7.9192,7.7964,7.6421,7.5492,7.4583,7.4512
2026-06-23,,11.15,8.5772,8.8894,8.6455,8.6925,8.6133,8.5116,8.4134,8.1936,7.9566,7.8256,7.6541,7.5555,7.4722,7.4672
2026-06-24,,11.2,8.6677,8.89,8.6503,8.66,8.56,8.46,8.3517,8.1386,7.9325,7.8,7.634,7.5541,7.4777,7.4706
2026-06-25,,11.3965,8.725,8.8757,8.6141,8.6077,8.5097,8.4146,8.2993,8.0922,7.9011,7.77,7.6034,7.5305,7.4621,7.457
2026-06-26,,11.5904,8.6854,8.8046,8.5166,8.5452,8.4716,8.3827,8.296,8.1273,7.9582,7.8424,7.6679,7.6111,7.5425,7.5361
2026-06-29,,11.3101,8.6634,8.8172,8.5543,8.5664,8.45,8.3564,8.2653,8.11,7.96,7.85,7.6898,7.6368,7.5684,7.5615
2026-06-30,,11.2498,8.65,8.7903,8.53,8.52,8.3922,8.2991,8.2248,8.1098,7.9879,7.8531,7.6989,7.64,7.569,7.5551
2026-07-01,,11.435,8.7045,8.869,8.6033,8.59,8.46,8.384,8.3282,8.22,8.078,7.9389,7.753,7.6888,7.6157,7.602
2026-07-02,,11.4504,8.6864,8.8741,8.6484,8.6593,8.55,8.4657,8.3938,8.28,8.13,7.9714,7.7664,7.695,7.6253,7.6061
2026-07-03,,11.5375,8.6071,8.7807,8.564,8.57,8.4631,8.3767,8.287,8.1839,8.0269,7.8676,7.6704,7.6133,7.5352,7.5208
2026-07-06,,11.4349,8.56,8.7,8.49,8.49,8.402,8.3289,8.2377,8.14,7.9924,7.825,7.6214,7.5645,7.4815,7.469
2026-07-07,,11.4789,8.5611,8.72,8.51,8.5,8.39,8.32,8.223,8.1032,7.9539,7.7846,7.5806,7.5254,7.4548,7.4525
